{
  "lang":"en",
  "name":"pipeline",
  "version":"0.0.0",
  "spacy_version":">=3.5.3,<3.6.0",
  "description":"",
  "author":"",
  "email":"",
  "url":"",
  "license":"",
  "spacy_git_version":"512241e12",
  "vectors":{
    "width":0,
    "vectors":0,
    "keys":0,
    "name":null,
    "mode":"default"
  },
  "labels":{
    "ner":[
      "BLOCK",
      "BUILDING",
      "COUNTRY",
      "FLOOR_NUM",
      "POSTAL_CODE",
      "STREET",
      "UNIT_NUM"
    ],
    "entity_ruler":[
      "BUILDING",
      "STREET"
    ]
  },
  "pipeline":[
    "ner",
    "entity_ruler"
  ],
  "components":[
    "ner",
    "entity_ruler"
  ],
  "disabled":[

  ],
  "performance":{
    "ents_f":0.9930817805,
    "ents_p":0.9864367035,
    "ents_r":0.9998169931,
    "ents_per_type":{
      "BLOCK":{
        "p":0.9995778994,
        "r":0.999874896,
        "f":0.9997263757
      },
      "STREET":{
        "p":0.9788774308,
        "r":0.9995905533,
        "f":0.9891255664
      },
      "BUILDING":{
        "p":0.9171896984,
        "r":0.9993992493,
        "f":0.9565313388
      },
      "FLOOR_NUM":{
        "p":0.9947123222,
        "r":0.9997232783,
        "f":0.9972115053
      },
      "UNIT_NUM":{
        "p":0.9953964178,
        "r":0.9999842908,
        "f":0.99768508
      },
      "COUNTRY":{
        "p":0.9996831641,
        "r":0.999996862,
        "f":0.9998399885
      },
      "POSTAL_CODE":{
        "p":0.9995147683,
        "r":1.0,
        "f":0.9997573253
      }
    },
    "ner_loss":572.3375146022
  }
}