{
  "lang":"en",
  "name":"pipeline",
  "version":"0.0.0",
  "spacy_version":">=3.5.3,<3.6.0",
  "description":"",
  "author":"",
  "email":"",
  "url":"",
  "license":"",
  "spacy_git_version":"512241e12",
  "vectors":{
    "width":0,
    "vectors":0,
    "keys":0,
    "name":null,
    "mode":"default"
  },
  "labels":{
    "ner":[
      "CITY",
      "COUNTRY",
      "PROVINCE",
      "STREET",
      "ZIPCODE"
    ]
  },
  "pipeline":[
    "ner"
  ],
  "components":[
    "ner"
  ],
  "disabled":[

  ],
  "performance":{
    "ents_f":0.9971658249,
    "ents_p":0.9956912723,
    "ents_r":0.9986447514,
    "ents_per_type":{
      "STREET":{
        "p":0.9851646537,
        "r":0.9966872984,
        "f":0.9908924793
      },
      "ZIPCODE":{
        "p":0.9996929047,
        "r":0.9999720744,
        "f":0.9998324701
      },
      "CITY":{
        "p":0.9961356741,
        "r":0.9968429003,
        "f":0.9964891617
      },
      "PROVINCE":{
        "p":0.9987742331,
        "r":0.9996610005,
        "f":0.9992174201
      },
      "COUNTRY":{
        "p":0.9988415749,
        "r":0.9999860271,
        "f":0.9994134734
      }
    },
    "ner_loss":833.2754027918
  }
}