{
  "lang":"en",
  "name":"pipeline",
  "version":"0.0.0",
  "spacy_version":">=3.5.3,<3.6.0",
  "description":"",
  "author":"",
  "email":"",
  "url":"",
  "license":"",
  "spacy_git_version":"512241e12",
  "vectors":{
    "width":0,
    "vectors":0,
    "keys":0,
    "name":null,
    "mode":"default"
  },
  "labels":{
    "ner":[
      "BLOCK",
      "BUILDING",
      "COUNTRY",
      "FLOOR_NUM",
      "POSTAL_CODE",
      "STREET",
      "UNIT_NUM"
    ],
    "entity_ruler":[
      "BUILDING",
      "STREET"
    ]
  },
  "pipeline":[
    "ner",
    "entity_ruler"
  ],
  "components":[
    "ner",
    "entity_ruler"
  ],
  "disabled":[

  ],
  "performance":{
    "ents_f":0.9930607352,
    "ents_p":0.9864030001,
    "ents_r":0.999808954,
    "ents_per_type":{
      "BLOCK":{
        "p":0.999624776,
        "r":0.999859258,
        "f":0.9997420033
      },
      "STREET":{
        "p":0.9792098293,
        "r":0.9993442455,
        "f":0.9891745902
      },
      "BUILDING":{
        "p":0.9170915217,
        "r":0.9993848313,
        "f":0.9564713431
      },
      "FLOOR_NUM":{
        "p":0.9945674781,
        "r":0.9999842772,
        "f":0.9972685221
      },
      "UNIT_NUM":{
        "p":0.995508289,
        "r":0.999937163,
        "f":0.9977178111
      },
      "COUNTRY":{
        "p":0.9993821992,
        "r":0.999996862,
        "f":0.9996894361
      },
      "POSTAL_CODE":{
        "p":0.9993051687,
        "r":1.0,
        "f":0.9996524636
      }
    },
    "ner_loss":455.8881598906
  }
}