{
  "lang":"en",
  "name":"pipeline",
  "version":"0.0.0",
  "spacy_version":">=3.5.3,<3.6.0",
  "description":"",
  "author":"",
  "email":"",
  "url":"",
  "license":"",
  "spacy_git_version":"512241e12",
  "vectors":{
    "width":0,
    "vectors":0,
    "keys":0,
    "name":null,
    "mode":"default"
  },
  "labels":{
    "ner":[
      "CITY",
      "COUNTRY",
      "PROVINCE",
      "STREET",
      "ZIPCODE"
    ]
  },
  "pipeline":[
    "ner"
  ],
  "components":[
    "ner"
  ],
  "disabled":[

  ],
  "performance":{
    "ents_f":0.9972009506,
    "ents_p":0.9952415952,
    "ents_r":0.9991680361,
    "ents_per_type":{
      "STREET":{
        "p":0.9832835223,
        "r":0.9990701189,
        "f":0.9911139618
      },
      "ZIPCODE":{
        "p":0.9997068431,
        "r":0.9999162233,
        "f":0.9998115223
      },
      "CITY":{
        "p":0.9958065587,
        "r":0.9972205438,
        "f":0.9965130496
      },
      "PROVINCE":{
        "p":0.998790225,
        "r":0.9995641435,
        "f":0.9991770344
      },
      "COUNTRY":{
        "p":0.9988554999,
        "r":0.9999720542,
        "f":0.9994134652
      }
    },
    "ner_loss":794.3672869117
  }
}