{
  "lang":"en",
  "name":"pipeline",
  "version":"0.0.0",
  "spacy_version":">=3.5.3,<3.6.0",
  "description":"",
  "author":"",
  "email":"",
  "url":"",
  "license":"",
  "spacy_git_version":"512241e12",
  "vectors":{
    "width":0,
    "vectors":0,
    "keys":0,
    "name":null,
    "mode":"default"
  },
  "labels":{
    "ner":[
      "BLOCK",
      "BUILDING",
      "COUNTRY",
      "FLOOR_NUM",
      "POSTAL_CODE",
      "STREET",
      "UNIT_NUM"
    ],
    "entity_ruler":[
      "BUILDING",
      "STREET"
    ]
  },
  "pipeline":[
    "ner",
    "entity_ruler"
  ],
  "components":[
    "ner",
    "entity_ruler"
  ],
  "disabled":[

  ],
  "performance":{
    "ents_f":0.9870611049,
    "ents_p":0.9804778975,
    "ents_r":0.993733313,
    "ents_per_type":{
      "BLOCK":{
        "p":0.9980823375,
        "r":0.9978513389,
        "f":0.9979668248
      },
      "STREET":{
        "p":0.9650309978,
        "r":0.979428502,
        "f":0.9721764476
      },
      "BUILDING":{
        "p":0.8876822087,
        "r":0.9722597358,
        "f":0.9280479665
      },
      "FLOOR_NUM":{
        "p":0.9945691958,
        "r":0.9997264228,
        "f":0.9971411411
      },
      "UNIT_NUM":{
        "p":0.9953856935,
        "r":0.9996826733,
        "f":0.997529556
      },
      "COUNTRY":{
        "p":0.9966215054,
        "r":0.9997238583,
        "f":0.9981702713
      },
      "POSTAL_CODE":{
        "p":0.9992330304,
        "r":0.9997306439,
        "f":0.9994817752
      }
    },
    "ner_loss":680.8845685424
  }
}